"id","containerId","temperature","humidity","mq4","mq135","createdAt"
"157f53f6-e56d-45b0-a3e8-03876d2c1cf8","1",27.1,75.6,859,4095,"2025-05-20T10:58:24.042Z"
"af71c4d0-ef3f-4f0b-9e2a-cbc3cc3c7ed8","1",27.2,76.3,986,4095,"2025-05-20T10:58:54.339Z"
"2131eada-f0fd-4108-a903-7745059cff72","1",27.1,76.1,864,4095,"2025-05-20T10:59:24.642Z"
"93a0c325-184e-495f-837b-139fcf4acb66","1",27.2,76.2,903,4095,"2025-05-20T10:59:51.537Z"
"b32298a8-149c-488f-bb20-2d11ffe571cc","1",27.2,76,907,4095,"2025-05-20T11:00:21.782Z"
"cfb0e527-3786-4886-aea7-fd44ab274451","1",27,76,863,4095,"2025-05-20T11:00:52.061Z"
"97ed7b40-3008-4108-a79e-dc550e494763","1",27,76.5,759,0,"2025-05-20T11:01:22.405Z"
"53d1159a-2fc2-49dd-9f7f-7b6d66d3cd60","1",27,77.4,787,3071,"2025-05-20T11:01:52.717Z"
"fb0bb30f-b90f-43f3-bdff-c761bc8c36a7","1",27.2,76.6,783,0,"2025-05-20T11:02:23.206Z"
"1e278ff0-e01b-47dd-92c1-ea00b26d8010","1",27.1,76.2,765,4095,"2025-05-20T11:02:53.519Z"
"3e5e343f-8237-4434-8ace-35c76d8658c7","1",27.1,76.4,775,4095,"2025-05-20T11:03:23.829Z"
"5e273e5d-b13c-47d4-b3ad-0a141971aae5","1",27.1,77.3,832,1587,"2025-05-20T11:03:54.135Z"
"234aecc6-7f7b-4461-8681-23fa0cf561d4","1",28,78.4,835,4095,"2025-05-20T11:04:24.476Z"
"2f649f6a-7f31-4221-b627-0021f03b0f55","1",29.5,78.8,798,4095,"2025-05-20T11:04:54.791Z"
"560b7f46-4503-4822-bfd4-5eba04234c0d","1",30.8,75.8,785,0,"2025-05-20T11:05:25.098Z"
"65395b9e-8569-4867-b3eb-fca18a90bfc4","1",30.7,66.2,758,0,"2025-05-20T11:05:55.374Z"
"4cce2471-79c3-4e25-a3e0-9bb9d3ccc433","1",29.9,66.4,767,0,"2025-05-20T11:06:25.727Z"
"77f2aede-2599-4005-aaec-1b99abd19eab","1",29.1,68.5,767,0,"2025-05-20T11:06:56.035Z"
"a5ceba67-ac8c-4f33-b906-0ea2ac40a951","1",28.4,70.6,775,4095,"2025-05-20T11:07:26.318Z"
"7b4de638-260a-4188-810a-9756d158cc19","1",28,72.6,784,4095,"2025-05-20T11:07:56.644Z"
"dcb31466-ea7e-4aa0-a7be-e8f3a74d3b51","1",25.8,81.6,17,4095,"2025-05-20T12:02:36.540Z"
"02821802-791f-4036-bd13-4b2162590038","1",25.8,81.5,1022,0,"2025-05-20T12:03:08.150Z"
"16a170ff-4434-4293-8eee-a4b0df5cee81","1",25.9,81.3,897,0,"2025-05-20T12:03:38.422Z"
"20c3df9f-d0ef-4ff0-b25b-457a250ef3ac","1",26,81,862,4095,"2025-05-20T12:04:08.980Z"
"9c7f64bb-3dba-4a24-9eca-6480c5366f44","1",27,77.8,902,0,"2025-05-20T12:20:45.144Z"
"e4ab7139-7303-426e-9658-5f4e62dc1112","1",27.1,77.4,847,4095,"2025-05-20T12:21:15.450Z"
"d41165eb-5210-4e39-aded-09f4f576b96f","1",27.1,76.9,781,2864,"2025-05-20T12:21:45.761Z"
"40a35285-2946-4185-833b-1eda44ee3a6c","1",27.1,76.9,787,4095,"2025-05-20T12:22:16.249Z"
"62c9eb45-c630-423f-b2bd-5a50f33a3dae","1",27.1,76.8,767,4095,"2025-05-20T12:22:46.585Z"
"ef3dfc00-e130-419d-953e-b08b9270c016","1",27.1,77.8,774,4095,"2025-05-20T12:23:17.102Z"
"75417043-4999-4e1a-830e-88d9bcd151bd","1",27,76.9,781,0,"2025-05-20T12:23:47.415Z"
"52e862b2-c78f-44dc-b9b2-09060bbfca3a","1",27,77,768,0,"2025-05-20T12:24:17.725Z"
"df5cf03e-c1e2-4806-8b13-07b41a6d3b51","1",27,77.4,757,0,"2025-05-20T12:24:48.034Z"
"d4615192-d715-4efa-b35d-5f483aa626b8","1",27.1,77.3,783,0,"2025-05-20T12:25:18.315Z"
"51663943-9a76-4106-82a4-9a7321530a25","1",26.5,85.8,1008,1155,"2025-05-21T09:59:04.178Z"
"a49eb7d5-7db9-4c66-8431-082e7dd5abfb","1",26.4,85.3,1021,1154,"2025-05-21T09:59:35.203Z"
"4857cdfe-5be4-45b8-ab4c-480a561a18f6","1",26.3,86,1019,1171,"2025-05-21T10:00:05.926Z"
"490c2d48-38f3-4456-8495-1f34a330746f","1",26.1,86.2,845,885,"2025-05-21T10:00:36.700Z"
"6d40a088-db42-42a7-848f-345f980a6a95","1",26,86.7,811,929,"2025-05-21T10:01:07.160Z"
"a9cd201e-9095-4c47-b7a6-fd94c2a48f82","1",26.2,87.8,763,858,"2025-05-21T10:01:37.987Z"
"aabc584c-2174-4b17-9bba-e0bfad5babc6","1",26.2,87.5,757,822,"2025-05-21T10:02:08.124Z"
"3ab18533-4967-4822-89f7-50c47902629b","1",30.2,75.3,760,929,"2025-05-21T11:05:39.371Z"
"cce17936-12a4-425b-8acc-be4b615330b7","1",27,80.7,752,943,"2025-05-21T11:06:10.059Z"
"7c77195c-d57a-4ab1-bd48-dda84c82ce56","1",26.6,82.2,779,955,"2025-05-21T11:06:42.643Z"
"f4f38fc5-2de3-48fb-90fb-c774c972a301","1",26.3,83.5,774,902,"2025-05-21T11:07:14.663Z"
"1b13f002-4283-43f2-824c-5e3443478fb9","1",26.1,84.5,773,947,"2025-05-21T11:07:45.070Z"
"66da8ec4-d9f2-494c-b94c-7b44afba0562","1",25.9,85.3,784,1168,"2025-05-21T11:08:15.572Z"
"0e0235df-d968-4de2-b12d-733cb2507d08","1",25.8,89,773,1116,"2025-05-21T11:08:45.880Z"
"79c14172-65e7-4dbd-9b71-a820e184ff3e","1",25.8,91.7,862,1338,"2025-05-21T11:09:16.183Z"
"b86834d0-ac94-44d4-8b24-bd82accf77cc","1",25.7,93,848,1474,"2025-05-21T11:09:46.466Z"
"ae639e21-1360-4a7b-9c0b-762d098f9cfb","1",25.9,93.3,869,1535,"2025-05-21T11:10:17.033Z"
"ee524692-cd64-4ceb-83eb-6f8f0fed7392","1",26.4,95.1,912,1578,"2025-05-21T11:10:47.904Z"
"ff132ee7-ba36-441e-bc02-434426347ada","1",27.2,94.4,909,1527,"2025-05-21T11:11:18.245Z"
"326ad0a1-cdc3-4f69-b096-41a9d0aded10","1",27.9,92.2,883,1508,"2025-05-21T11:11:48.573Z"
"95f18f03-e21e-403b-9b13-b130e76ba702","1",28.3,90.6,925,1566,"2025-05-21T11:12:18.887Z"
"a6103901-48b3-4e52-8e20-fbc8d61f4402","1",28.5,89.6,903,1535,"2025-05-21T11:12:49.354Z"
"6a02fbc4-1244-4858-a6fa-1736122ae667","1",28.8,88.9,903,1576,"2025-05-21T11:13:19.671Z"
"0aece2e1-b1df-423f-a193-651c78868959","1",29.1,88,902,1614,"2025-05-21T11:13:49.967Z"
"468162d1-dcfc-4eea-a419-44517b00c982","1",29.3,87.3,887,1664,"2025-05-21T11:14:20.540Z"
"3999fc01-bb37-4c6a-8d29-759c1f2d553e","1",29.4,86.8,898,1708,"2025-05-21T11:14:50.809Z"
"e0fe9817-4ef0-496d-bb52-6bb8576873a0","1",29.5,86.3,912,1712,"2025-05-21T11:15:21.142Z"
"cfee76f6-965c-4ede-af2c-7766cb898ca9","1",29.6,86.1,887,1733,"2025-05-21T11:15:52.065Z"
"f70e826a-431b-40fb-a462-b52309d00340","1",29.7,85.8,913,1760,"2025-05-21T11:16:22.580Z"
"7136b110-87b7-48c1-a7cd-3b01306b24ed","1",29.8,85.5,917,1776,"2025-05-21T11:16:52.902Z"
"ef21b4a3-c714-402a-9063-29b2d47e4b7e","1",29.9,85.4,926,1786,"2025-05-21T11:17:23.161Z"
"0face5ed-fd39-4820-9bd0-cc2dace0c661","1",29.9,85.3,908,1795,"2025-05-21T11:17:53.511Z"
"fa9828ff-4b48-44cd-a18c-db38e60c7549","1",30,85.1,909,1798,"2025-05-21T11:18:24.026Z"
"0e59c168-6662-4437-9d03-35c0cf4b423b","1",30.1,84.9,916,1819,"2025-05-21T11:18:54.545Z"
"132b0c6c-1fb5-4677-a52b-f61d4d68e259","1",30.1,84.8,914,1808,"2025-05-21T11:19:25.074Z"
"61e2883d-b11e-4e9e-953d-a5e0399b2dff","1",30.1,84.7,916,1856,"2025-05-21T11:19:55.583Z"
"9dcd30f3-1d7f-4c18-b956-e5dc256134e5","1",30.2,84.7,902,1842,"2025-05-21T11:20:26.390Z"
"c82daf70-c314-44c1-9c04-c01f46945c59","1",30.2,84.6,905,1879,"2025-05-21T11:21:03.066Z"
"40fa1c57-0e8a-41ec-b3b4-41df20cbf7a3","1",30.3,84.6,912,1887,"2025-05-21T11:21:33.472Z"
"3e48dde5-26a2-4349-b77f-8d4740c4d161","1",30.3,84.5,941,1889,"2025-05-21T11:22:03.990Z"
"7c367d8d-309a-421d-8794-c2f6b11a29e4","1",30.3,85.2,930,1882,"2025-05-21T11:22:34.294Z"
"5c30e715-df70-42b9-bec6-6453f33bc2fb","1",30.4,84.3,913,1919,"2025-05-21T11:23:04.607Z"
"4eb952f2-2746-49f7-903f-0f18e527887c","1",30.4,84.3,899,1930,"2025-05-21T11:23:34.916Z"
"6e85ec6d-de3e-44bc-99d5-83ae6d5c10e3","1",30.4,84.2,919,1931,"2025-05-21T11:24:05.224Z"
"9ad303a8-b714-4b24-80b2-27364b69876e","1",30.4,84.2,910,1933,"2025-05-21T11:24:35.539Z"
"9e9c95de-3efe-4ab6-868e-a09d1660f60b","1",30.5,84.2,901,1958,"2025-05-21T11:25:36.333Z"
"37a4a1ea-bf9e-4074-ad07-4a714bd89a5e","1",30.5,84.1,914,1959,"2025-05-21T11:26:36.980Z"
"7ad7dfd3-80b9-483a-a7c7-5db975e7d198","1",30.5,83.9,920,1981,"2025-05-21T11:27:07.264Z"
"b097bd29-b73c-404b-a391-3a90291880b8","1",30.5,84,906,1995,"2025-05-21T11:27:37.613Z"
"d93ec432-ac85-46f9-abde-74ac98379500","1",30.5,83.8,929,1998,"2025-05-21T11:28:08.361Z"
"b08bdece-2739-4584-94b5-5a60f85113e8","1",30.5,84,941,1968,"2025-05-21T11:28:38.803Z"
"9684e8c0-5157-450d-904b-dde0e68c97f2","1",30.6,84.4,922,1925,"2025-05-21T11:29:09.121Z"
"f3646502-b81d-4440-bc86-de95b261b98b","1",30.6,84.1,908,1935,"2025-05-21T11:29:39.461Z"
"6455274f-f9db-4fc3-a4ec-c5bc7c81f522","1",30.6,84.1,910,1935,"2025-05-21T11:30:09.738Z"
"9a5dacd9-6102-41d8-b8ea-7bd9a696e481","1",30.6,84.1,895,1971,"2025-05-21T11:30:40.078Z"
"36a34d1f-9135-4e9b-94cd-3734aeb16bc7","1",30.6,84.1,899,1943,"2025-05-21T11:31:10.387Z"
"a88d6898-87f7-4178-8b9d-c24307a6a62f","1",30.7,84.1,897,1971,"2025-05-21T11:31:40.697Z"
"4d79a034-e859-4e45-97a4-015a9df282e9","1",30.4,84.2,931,1947,"2025-05-21T11:25:06.107Z"
"f537d09c-ff25-4c19-be3f-480d5936e1bc","1",30.5,84.2,907,1948,"2025-05-21T11:26:06.670Z"
"093bb325-aab4-4389-bc84-835a3a585db5","1",30.7,84.1,886,1984,"2025-05-21T11:32:11.246Z"
"eb4d4fb8-268b-4b66-8830-523a2fb9ac39","1",30.7,84.1,885,1977,"2025-05-21T11:32:41.932Z"
"c43be0f9-e9ba-46fa-87d8-3663f72f00a5","1",30.8,84,870,1986,"2025-05-21T11:33:12.452Z"
"2560b997-3728-47cc-be9b-3c929e8276d7","1",30.8,83.9,863,2029,"2025-05-21T11:33:42.986Z"
"3ff9fea6-2d0d-431a-8848-09888684b135","1",30.8,83.9,864,2029,"2025-05-21T11:34:13.313Z"
"d2e5074e-de47-486d-bc97-d56d255bacdb","1",30.8,84,895,2025,"2025-05-21T11:34:43.556Z"
"664e80d9-1656-4bd2-921f-ebaa90b606e6","1",30.8,83.9,881,2032,"2025-05-21T11:35:13.894Z"
"0c50bd69-6be4-406d-ae33-f1a172d9dddf","1",30.9,83.9,890,2041,"2025-05-21T11:35:44.410Z"
"0ec393dc-7112-457d-ae67-afea00775e1b","1",30.9,83.9,893,2046,"2025-05-21T11:36:14.929Z"
"5480a97d-7735-4384-ab8d-7b60e7cf57cc","1",30.9,83.8,866,2017,"2025-05-21T11:36:45.241Z"
"9426a358-9f5c-41ae-aa83-b89ccfb57fc9","1",30.9,83.9,890,2047,"2025-05-21T11:37:15.545Z"
"d863ca1d-5d39-443a-b6e4-2770197d67ed","1",31,83.8,886,2055,"2025-05-21T11:37:46.052Z"
"b855176a-516c-41c8-9160-0347e814ae92","1",30.9,83.8,885,2065,"2025-05-21T11:38:16.609Z"
"37375601-cf1e-4eec-90b9-d9ea81715533","1",31,83.8,896,2066,"2025-05-21T11:38:47.056Z"
"a643243c-764d-4a2b-b04c-d132bc7d56b0","1",31,83.8,869,2100,"2025-05-21T11:39:17.810Z"
"7039272a-5367-4b1a-b931-bcd7373e0ccb","1",31,83.6,887,2111,"2025-05-21T11:39:48.096Z"
"eddad882-9281-4027-a50d-0a8388cf49d8","1",31,83.7,892,2114,"2025-05-21T11:40:18.637Z"
"a0ccf136-b06e-4693-8aa4-6dc9811acc72","1",31,83.6,863,2110,"2025-05-21T11:40:49.158Z"
"f1ecf326-3dc3-4462-bb22-061832c70eab","1",31,83.6,880,2127,"2025-05-21T11:41:19.461Z"
"e2b49bcc-5a6b-49d5-99ae-9ea06667f9ee","1",31,83.6,874,2112,"2025-05-21T11:41:49.780Z"
"2f5bec25-aefa-4652-ab87-99c21a43e8f9","1",31.1,83.6,855,2146,"2025-05-21T11:42:20.303Z"
"9c389fa5-a354-42bc-8e72-dde280ec8656","1",31,83.7,879,2137,"2025-05-21T11:42:50.597Z"
"3ee78b3a-146e-45ff-a3dd-81ed601a9550","1",31,83.6,889,2163,"2025-05-21T11:43:21.740Z"
"fe1d84e4-1426-4590-baa7-a21cd378b0d9","1",31.1,83.7,879,2156,"2025-05-21T11:43:52.040Z"
"088bc1dd-574c-4e0b-b8ca-03c90c0b04ae","1",31.1,83.7,817,2156,"2025-05-21T11:44:22.758Z"
"f434dfd6-a05a-4f5a-b991-3377d41df396","1",31.1,83.8,871,2165,"2025-05-21T11:44:53.450Z"
"50309399-df39-48ec-b867-ee6afacf4604","1",31.1,83.7,891,2179,"2025-05-21T11:45:23.786Z"
"d1523ce6-17e1-48a7-8a12-d07de404b007","1",31.1,84.5,902,2182,"2025-05-21T11:45:54.097Z"
"7d5a3db0-a260-448f-860a-2b4eb7fb8700","1",31.1,83.7,896,2182,"2025-05-21T11:46:24.372Z"
"044ebcd3-5fb7-4454-8f86-f39e00d9168f","1",31.1,83.6,853,2171,"2025-05-21T11:46:54.696Z"
"52beeb4f-f8e2-4569-9451-be9925853b07","1",31.1,83.6,889,2177,"2025-05-21T11:47:25.847Z"
"b44913f0-f5c1-42e0-8068-0fb0353286cb","1",31.1,83.6,880,2182,"2025-05-21T11:47:56.138Z"
"e1f564a7-f73f-4439-a4c1-40d4e2e2d081","1",31.1,83.7,880,2215,"2025-05-21T11:48:26.673Z"
"90b0abbd-9528-470e-92e6-4a9aa9922dfc","1",31.1,83.8,887,2209,"2025-05-21T11:48:56.982Z"
"acf9e4fe-132b-4b6e-8613-34ec21ae681c","1",31.1,83.7,891,2213,"2025-05-21T11:49:27.304Z"
"6fcb04d1-f1df-426c-83f9-d2da21768339","1",31.1,83.8,858,2210,"2025-05-21T11:49:58.222Z"
"1c590320-5271-4d73-bf73-0b6c31682bc5","1",31.1,85.8,911,2235,"2025-05-21T11:50:28.542Z"
"4501dda0-f78a-4698-bbd8-d63d984f5ef1","1",31.1,85.8,910,2226,"2025-05-21T11:50:59.250Z"
"3e570d15-07ff-496b-acba-69213088481a","1",31.1,85.7,874,2234,"2025-05-21T11:51:29.559Z"
"d611717b-2e70-4458-ac3d-0c053cbaaa55","1",31.1,83.6,892,2237,"2025-05-21T11:52:00.246Z"
"85b2dbd9-9afe-4646-be4a-0adc193cbc6b","1",31.1,83.7,898,2256,"2025-05-21T11:52:30.792Z"
"199850c8-d914-4acd-942f-918b6967fa23","1",31.1,83.9,879,2248,"2025-05-21T11:53:01.316Z"
"8525146d-a9e2-495f-a370-adf9b2253770","1",31.1,83.8,887,2251,"2025-05-21T11:53:32.234Z"
"408f85f1-6064-4635-a2fb-e3c02182ea86","1",31.1,83.7,884,2256,"2025-05-21T11:54:02.522Z"
"f9ca1419-1a1a-4f74-9640-78aea61b0aaf","1",31.1,83.7,906,2259,"2025-05-21T11:54:33.300Z"
"b018ceba-ec17-4de8-a0fa-b16ce68c3e7d","1",31.1,83.6,898,2289,"2025-05-21T11:55:03.783Z"
"6795982f-c776-4a43-87e9-f5533336b02f","1",31,83.6,894,2275,"2025-05-21T11:55:34.090Z"
"4cd602cf-e4bf-4def-a9a2-e77440f79fde","1",31,83.7,915,2285,"2025-05-21T11:56:04.399Z"
"29decf13-cb85-4a61-958d-628531515859","1",31,83.7,894,2288,"2025-05-21T11:56:34.521Z"
"ca23285e-da9c-42c6-8fff-ad4de424e076","1",31,83.6,887,2276,"2025-05-21T11:57:04.804Z"
"45a2b613-459d-46fd-8e79-3857f553ffbf","1",31,83.6,880,2304,"2025-05-21T11:57:35.132Z"
"a888f69c-1a94-4242-8776-6dda55ff17f6","1",31,85.7,899,2309,"2025-05-21T11:58:05.507Z"
"473db35e-3e0d-4cbc-88f4-43c5910703c7","1",31,85.7,919,2311,"2025-05-21T11:58:35.759Z"
"13ccb3b7-9aab-44d3-9b62-e93e6a12c327","1",31,85.8,1017,2323,"2025-05-21T11:59:06.061Z"
"c5385a1b-8f54-425d-9f28-0378facd727a","1",31,85.8,918,2321,"2025-05-21T11:59:36.369Z"
"d20ad6b4-1f29-4ce4-8989-a11e04d7cc0a","1",31,85.9,912,2330,"2025-05-21T12:00:06.679Z"
"1c414bed-4cca-40bd-8547-7ac6c0dc4abd","1",31,85.9,901,2330,"2025-05-21T12:00:37.192Z"
"262d658b-610e-4604-8f18-3011cd64a2ff","1",31.1,85.7,905,2330,"2025-05-21T12:01:07.503Z"
"75f6f950-5998-4a21-b794-89c689d1750a","1",31.1,85.7,903,2337,"2025-05-21T12:01:37.918Z"
"26e3a163-c4a8-46fb-97cc-9288a1a7c4e5","1",31.1,83.7,920,2351,"2025-05-21T12:02:08.306Z"
"80b69da5-0a2d-417a-8f5d-4cde7b1ce628","1",31.1,83.7,913,2343,"2025-05-21T12:02:38.864Z"
"0a770758-da27-4cd5-8b50-7177b9cebf9d","1",31.1,85.6,926,2361,"2025-05-21T12:03:09.364Z"
"4fad0eb8-a6bc-43f0-8780-cbb064b698b8","1",31.1,85.6,912,2343,"2025-05-21T12:03:39.872Z"
"c887832b-499c-46ed-ae07-161827ec4447","1",31,85.5,890,2361,"2025-05-21T12:04:10.180Z"
"1b7a2fbb-990f-4a3b-8937-2f6aad06cd83","1",31,83.6,902,2363,"2025-05-21T12:04:40.473Z"
"8d71d980-6d62-4149-8576-4bcc7e87f56b","1",31.1,83.6,896,2384,"2025-05-21T12:05:10.805Z"
"56b66b62-a3cf-48bf-9b8b-07c20f1a88d3","1",31.1,83.6,913,2387,"2025-05-21T12:05:41.932Z"
"1251d934-b5bd-4e10-8325-10b59d35c0f3","1",31,85.5,902,2335,"2025-05-21T12:06:12.244Z"
"5cf3023e-d737-4e3e-a50c-0b2ac84412a0","1",31.1,85.5,891,2373,"2025-05-21T12:06:42.772Z"
"f147855e-ac4a-4fb5-b21a-daf6b5c05921","1",31,85.4,907,2397,"2025-05-21T12:07:13.091Z"
"c04ea5bb-7609-4232-8fb6-9772532ce463","1",31,83.5,910,2384,"2025-05-21T12:07:43.354Z"
"c918d163-7d2a-4604-82e8-d93eece1bec8","1",31,83.6,903,2394,"2025-05-21T12:08:13.706Z"
"3295e75b-9d38-4daf-b7dd-2e9b02bc3fe6","1",31,83.6,907,2415,"2025-05-21T12:08:44.206Z"
"d360b70f-6b68-46c6-b318-e6e8cc484051","1",31,83.5,898,2403,"2025-05-21T12:09:14.727Z"
"eb20f501-0d6c-4db3-b233-efc9da0e08e1","1",31,83.5,899,2418,"2025-05-21T12:09:45.040Z"
"e002304f-612c-48a3-9dba-d1a210d1217c","1",31,83.5,967,2443,"2025-05-21T12:10:15.340Z"
"cea62402-798c-47eb-bc20-5842d72bf3ed","1",31,85.5,910,2432,"2025-05-21T12:10:45.625Z"
"7ead9ae0-8b7e-4530-864e-ac871a55b88f","1",31,85.5,887,2439,"2025-05-21T12:11:15.968Z"
"84c4c539-5841-43f7-8bc5-a3282bf43af9","1",31,85.5,911,2423,"2025-05-21T12:11:46.684Z"
"e84722b0-55f0-4d77-951f-87417ccd0a7a","1",31,85.5,893,2443,"2025-05-21T12:12:16.993Z"
"95c10518-f8bf-40f9-bdf2-d462c9dbd2eb","1",31,83.7,927,2437,"2025-05-21T12:12:47.279Z"
"a7026b63-48eb-4ff7-aded-c0bb686059a1","1",31,83.5,899,2446,"2025-05-21T12:13:17.581Z"
"2d26251c-4d50-46ee-aa48-01a09b5c6561","1",31,83.6,897,2469,"2025-05-21T12:13:47.926Z"
"bd157ae4-7d82-4cbb-aeb5-2abe6ae82693","1",31,83.5,912,2445,"2025-05-21T12:14:18.667Z"
"adcd7dda-921c-4112-971f-16a8e113aa39","1",31,83.6,882,2445,"2025-05-21T12:14:48.938Z"
"961ef0f0-a934-4a62-8e65-bb8d539c1de3","1",31,83.5,898,2438,"2025-05-21T12:15:19.344Z"
"bba8e020-ac1c-40a8-b8e2-ebabef5296be","1",31,83.5,896,2447,"2025-05-21T12:15:49.793Z"
"27606fe3-4659-4445-a2ee-2dfdc6669df0","1",31,83.5,894,2448,"2025-05-21T12:16:20.075Z"
"226b6094-3c98-4fa9-9aba-364cd6029b55","1",31,83.5,863,2454,"2025-05-21T12:16:51.012Z"
"4c0ff59c-84bc-416c-ae74-21f0117d2995","1",31,83.4,897,2478,"2025-05-21T12:17:21.323Z"
"00c6c166-ecb5-40fe-a3a5-85d3a97f31cd","1",31.1,85.3,906,2480,"2025-05-21T12:17:51.639Z"
"8764ad9c-6f76-45b7-9813-ecde8e58a170","1",31,85.3,907,2490,"2025-05-21T12:18:22.262Z"
"c2ac2b26-5e90-4878-9ff8-f58db23ad6cd","1",31,85.3,901,2473,"2025-05-21T12:18:52.641Z"
"d433945d-4c2c-4d9b-9465-7fb71e4bef62","1",31.1,85.2,908,2495,"2025-05-21T12:19:22.943Z"
"fdb40ab1-e4d3-46b2-bc5b-81e4d330241f","1",31,85.2,889,2501,"2025-05-21T12:19:53.284Z"
"40141fc6-a70f-4629-a149-048e1e0340d6","1",31.1,83.2,899,2480,"2025-05-21T12:20:23.594Z"
"103816b6-4229-4373-8e15-805fc2cb09c0","1",31,83.3,898,2497,"2025-05-21T12:20:53.908Z"
"0928b4c6-3cbc-456d-bf23-029dcb3684fa","1",31,83.2,902,2496,"2025-05-21T12:21:24.215Z"
"06b2c31d-2ce1-4494-8e60-f1f58ab42324","1",31.1,85.2,898,2511,"2025-05-21T12:21:55.311Z"
"ffd53984-5f3a-472e-9361-ed56bda6330e","1",31,83.3,912,2497,"2025-05-21T12:22:25.702Z"
"40e88e62-d5b4-4cdb-ac5c-d3c20aa03fb2","1",31.1,83.2,877,2511,"2025-05-21T12:22:55.967Z"
"249b5109-32b6-4921-9c68-38465242db3d","1",31,83.1,902,2525,"2025-05-21T12:23:26.249Z"
"e9bdb9b1-b12a-4569-a177-a3c55c8779b5","1",31,83.2,909,2512,"2025-05-21T12:23:56.789Z"
"bb035eee-bff1-42d9-8cf9-b73a2b1c29c8","1",31,83.1,881,2530,"2025-05-21T12:24:27.105Z"
"36f63c3d-71af-414c-ab5d-ac1bf1b16021","1",31,85,901,2512,"2025-05-21T12:24:57.415Z"
"97710e8b-b83b-4a04-9672-1d7d34c70f4b","1",31,85,891,2523,"2025-05-21T12:25:27.721Z"
"4aaff5ce-0734-4098-8a91-ab0bb2410c0e","1",31,84.9,897,2529,"2025-05-21T12:25:58.010Z"
"7e28fd0b-b09a-49b3-a027-1549e37559a6","1",31,84.9,893,2514,"2025-05-21T12:26:28.340Z"
"4785a7df-35e6-4d65-8ac8-e7b4fa11f2d7","1",31,83.1,918,2539,"2025-05-21T12:26:59.266Z"
"f7e1257f-62b3-4e42-9b27-7899ca27217e","1",31,83.1,892,2522,"2025-05-21T12:27:29.582Z"
"dea6e6cf-f286-4d8d-b4d7-35f07d394991","1",31,85.1,882,2538,"2025-05-21T12:27:59.891Z"
"b2ef09cf-b903-448b-a126-660ab619ac35","1",31,85.1,912,2544,"2025-05-21T12:28:30.412Z"
"f14dded8-f212-4e59-bddf-24fafb8539ae","1",31.1,85.1,912,2542,"2025-05-21T12:29:01.327Z"
"c5008f7f-14b5-4c39-8b44-2e5cb04dfdbb","1",31,85.1,889,2559,"2025-05-21T12:29:31.607Z"
"4e898401-674f-4ee3-8da0-1aa6a95dac62","1",31.1,85.1,915,2556,"2025-05-21T12:30:01.951Z"
"b4f4b0df-cc84-4c49-9092-b87bb0af4d1a","1",31.1,85.2,915,2559,"2025-05-21T12:30:32.485Z"
"6e8203dd-8784-4370-949f-777cea40c096","1",31.1,85.2,895,2559,"2025-05-21T12:31:05.436Z"
"1b0310d1-6b04-4718-9900-be5a6b2c5532","1",31.1,85.1,899,2559,"2025-05-21T12:31:35.769Z"
"21a43a8e-c1c3-4c3d-a145-643267056aab","1",31.1,85.1,909,2587,"2025-05-21T12:32:06.572Z"
"b7a1259e-f833-4f0f-800d-91db1f6cf2fb","1",31.1,85.2,915,2559,"2025-05-21T12:32:37.186Z"
"72c4deb8-c5d4-4167-bc57-073a577948f4","1",31.2,85.1,926,2606,"2025-05-21T12:33:07.699Z"
"705bd46f-a1f8-42c6-852e-ea10b6219815","1",31.2,85.1,917,2605,"2025-05-21T12:33:37.989Z"
"49ffc7b3-359c-42e2-8be8-8023beebed5d","1",31.1,85.1,895,2606,"2025-05-21T12:34:08.299Z"
"d983bfcc-0e31-4cad-bd0a-30095ecac4a7","1",31.2,83.2,908,2592,"2025-05-21T12:34:38.646Z"
"b0e894b9-539e-41f7-9ee4-b575bf629dd2","1",31.2,83.1,907,2593,"2025-05-21T12:35:09.146Z"
"bbb319a1-8b37-4046-8ada-c286f812e8b3","1",31.2,85.1,921,2613,"2025-05-21T12:35:39.869Z"
"38f757c0-6f31-42d0-a4d2-c16efeb69cdf","1",31.2,85.1,895,2605,"2025-05-21T12:36:10.157Z"
"5b7d4360-3419-4d6f-b915-71cff368af6c","1",31.2,83.1,914,2635,"2025-05-21T12:36:40.486Z"
"f89877eb-c81f-4898-94bb-958017f8f4c7","1",31.2,83.1,939,2640,"2025-05-21T12:37:10.798Z"
"ad8bdebd-8ad9-407e-a154-084f76edda0d","1",31.2,83.1,924,2640,"2025-05-21T12:37:41.904Z"
"98c51a01-43d9-425f-b46f-e714b0b74036","1",31.2,83.2,913,2630,"2025-05-21T12:38:12.208Z"
"be322f58-6de7-4cc7-809c-2d58cd3214ed","1",31.2,83.1,917,2639,"2025-05-21T12:38:42.517Z"
"5104ef0f-fb24-4d25-adec-437b2e1d6b3e","1",31.2,83.1,914,2634,"2025-05-21T12:39:12.859Z"
"f1c824b7-f516-4706-877a-a134d1108fe5","1",31.3,83.2,894,2631,"2025-05-21T12:39:43.141Z"
"0a071ed7-7f18-41e3-9ab6-b74be8255fdb","1",31.3,83.1,913,2640,"2025-05-21T12:40:13.481Z"
"bae8d77f-b81f-47a1-9622-21c227c6ca9b","1",31.3,83,933,2655,"2025-05-21T12:40:43.791Z"
"08042e24-daf3-4976-b788-0b21c83346a0","1",31.3,83,918,2645,"2025-05-21T12:41:14.680Z"
"99af4013-3309-4ced-b648-eeff516426aa","1",31.3,83,912,2631,"2025-05-21T12:41:44.836Z"
"aef12dc0-ad47-470c-a739-f861a8ac51c4","1",31.3,85,905,2668,"2025-05-21T12:42:15.129Z"
"e3be513b-6c47-4a15-93af-e9b708e44bcb","1",31.3,84.9,934,2664,"2025-05-21T12:42:45.440Z"
"5f1df8db-8299-4427-a240-e3634cc8dcc4","1",31.3,83.1,927,2679,"2025-05-21T12:43:15.749Z"
"a4cf85c1-1db8-4406-890e-1143b6607341","1",31.3,83,935,2656,"2025-05-21T12:43:46.043Z"
"5a3c51c1-50da-4259-a353-2b7ad98f3d0b","1",31.3,83,922,2686,"2025-05-21T12:44:16.345Z"
"6d7843a3-478b-4647-b69d-ebb4c088c49a","1",31.3,83,909,2691,"2025-05-21T12:44:46.885Z"
"64ba6392-0a45-48a6-bac4-d2bf361e2ab0","1",31.3,84.9,930,2660,"2025-05-21T12:45:17.195Z"
"aeb8b325-f75b-4362-8950-c690805a174b","1",31.3,84.9,917,2693,"2025-05-21T12:45:47.712Z"
"f0d63bcd-a434-4a21-bd49-56c4410ecea1","1",31.3,84.9,924,2694,"2025-05-21T12:46:18.841Z"
"e86df6d1-d8ee-4b3f-91c4-4ab2d58702e6","1",31.3,84.9,912,2694,"2025-05-21T12:46:49.178Z"
"8fcfa82e-c80d-426f-ad1a-3014582a6cc3","1",31.3,82.9,912,2679,"2025-05-21T12:47:19.460Z"
"360abe9a-9d94-4cc2-89c5-03b8fc730656","1",31.3,83,927,2695,"2025-05-21T12:47:49.771Z"
"88c4cb74-a4a6-4b94-8f2e-a3045df4869b","1",31.3,82.9,918,2705,"2025-05-21T12:48:20.287Z"
"eb637827-8dbd-4481-9621-a00b3bd1925f","1",31.3,82.9,912,2704,"2025-05-21T12:48:50.596Z"
"6c0aca9f-f38c-4c3f-9aa7-d3958fff7667","1",31.3,83,917,2705,"2025-05-21T12:49:20.908Z"
"c93c7528-14bc-4fbe-aaed-83c09ef35b94","1",31.3,83.8,966,2704,"2025-05-21T12:49:51.627Z"
"27f67679-0216-459f-87a1-448fcb425b00","1",31.3,84.8,903,2719,"2025-05-21T12:50:22.550Z"
"0c9d4ebe-dbc1-42cd-b6ff-c473c2c89de5","1",31.3,84.8,923,2713,"2025-05-21T12:50:53.233Z"
"55abbac5-9a32-4089-999b-bbf2774e1bcc","1",31.3,82.9,927,2704,"2025-05-21T12:51:23.786Z"
"a7d9ea3d-78db-420a-8f30-164513463830","1",31.3,83,921,2704,"2025-05-21T12:51:55.943Z"
"496ffbfa-5b58-449b-9f86-ae2d46653e96","1",31.4,82.9,923,2709,"2025-05-21T12:52:26.658Z"
"89930d1b-0290-420a-bdbf-85f6df17f870","1",31.3,82.9,908,2741,"2025-05-21T12:52:56.948Z"
"5b5434c3-2423-4ae5-b2c4-378a05f573bf","1",31.3,82.9,930,2747,"2025-05-21T12:53:27.279Z"
"44e816fd-558e-4da6-8fba-37b2542e3e7d","1",31.4,84.9,929,2736,"2025-05-21T12:53:57.820Z"
"2672303f-79da-45a1-90d1-d2fe6baed426","1",31.4,84.9,942,2753,"2025-05-21T12:54:28.077Z"
"86332db0-e1e0-49f1-b5db-0ff046bd1814","1",31.4,83,916,2724,"2025-05-21T12:54:58.415Z"
"51a05f61-7c68-49fb-bd9d-922b5df91f7a","1",31.4,83,944,2743,"2025-05-21T12:55:28.591Z"
"ccc96521-e15b-40b6-8ade-76f414f78698","1",31.4,82.9,928,2755,"2025-05-21T12:55:58.825Z"
"e975900f-76b6-4fbf-a01f-e398f4ece367","1",31.4,84.7,950,2739,"2025-05-21T12:56:29.528Z"
"43e2d729-1be7-47b2-bffb-81c453aec5d3","1",31.4,84.7,930,2742,"2025-05-21T12:57:00.279Z"
"8cb400eb-489b-4d18-aef5-9b4618baf8fb","1",31.4,84.7,929,2752,"2025-05-21T12:57:30.581Z"
"47582ff2-f72c-42ff-9bed-8bd215d9a0c5","1",31.4,84.7,944,2768,"2025-05-21T12:58:01.102Z"
"ef99d52e-9e69-40ae-bc06-e21c46937ed8","1",31.4,84.7,935,2758,"2025-05-21T12:58:31.407Z"
"2752a214-39f5-458f-a841-9a0274da107d","1",31.4,84.7,935,2759,"2025-05-21T12:59:01.974Z"
"16a541e9-2e87-490e-8608-65000e61b649","1",31.4,84.7,944,2766,"2025-05-21T12:59:32.231Z"
"8bc0a34e-673a-4529-933d-be3cf27669c9","1",31.4,84.7,934,2765,"2025-05-21T13:00:02.519Z"
"bf6d00ef-e237-4546-8913-a35489919013","1",31.4,84.7,944,2796,"2025-05-21T13:00:32.994Z"
"57a531fe-3de1-4f92-bb6a-9c185b64f2f6","1",31.4,84.7,969,2783,"2025-05-21T13:01:03.572Z"
"2d61a17c-f0cd-4f36-8e6c-33987404c427","1",31.4,84.7,950,2798,"2025-05-21T13:01:34.499Z"
"dfc18d29-88e3-450f-a188-9bcf3c55c8da","1",31.4,84.7,936,2770,"2025-05-21T13:02:04.807Z"
"9ad07d6e-6133-4207-b32e-f3863472a5f9","1",31.4,82.9,942,2797,"2025-05-21T13:02:35.369Z"
"77c2d028-1c2a-4f3c-a6f2-52d264cb8d0f","1",31.4,82.9,942,2786,"2025-05-21T13:03:05.819Z"
"adb425aa-4f92-47e5-afbb-42fb90bd4009","1",31.4,82.8,929,2783,"2025-05-21T13:03:36.352Z"
"9c0e3534-8e98-443a-a6e9-d7d235d53022","1",31.5,82.8,935,2800,"2025-05-21T13:04:06.670Z"
"8e3edb2c-89e7-45bd-a2c0-75206a677e23","1",31.4,82.8,946,2816,"2025-05-21T13:04:36.974Z"
"1b7ac0c8-ab31-4961-b73c-3f08aa88929f","1",31.5,82.8,943,2802,"2025-05-21T13:05:07.290Z"
"1b3727b9-e30f-4cb0-8f54-614bc2e685f9","1",31.4,82.7,938,2797,"2025-05-21T13:05:37.566Z"
"c9f5c644-e4eb-44eb-940b-b59ae7d6c105","1",31.4,82.7,946,2813,"2025-05-21T13:06:07.905Z"
"2e7e7cc3-358f-4757-b3f3-1fdb5b99235c","1",31.5,84.7,959,2810,"2025-05-21T13:06:38.196Z"
"4abf63c0-2f2f-457c-9c6a-b47c120be29f","1",31.4,84.7,944,2767,"2025-05-21T13:07:08.524Z"
"400fb7ee-e6eb-47c6-bac1-b06361c72998","1",31.5,84.7,949,2805,"2025-05-21T13:07:38.807Z"
"bf16a3cb-81f9-409f-9f2c-6977e347de73","1",31.5,82.8,949,2815,"2025-05-21T13:08:09.148Z"
"4783cc47-eb34-4e03-b531-2181dc2429ba","1",31.5,82.7,937,2817,"2025-05-21T13:08:39.456Z"
"c49f67f0-41c6-4aa5-89da-996b41262b11","1",31.5,84.6,945,2825,"2025-05-21T13:09:09.738Z"
"babc6383-07fa-401f-b160-4f7429ef8ee9","1",31.4,84.5,943,2827,"2025-05-21T13:09:40.305Z"
"e71a69f5-8a6a-4a73-80ed-80b4a890530c","1",31.5,84.7,949,2823,"2025-05-21T13:10:10.591Z"
"0a300156-4891-4e37-8743-1a4a59f74b7f","1",31.4,84.4,990,2823,"2025-05-21T13:10:40.886Z"
"9bd77086-ef6e-4cfa-82ac-466498f76711","1",31.4,84.3,945,2815,"2025-05-21T13:11:11.212Z"
"4287ebcc-aba9-4971-888e-657b6ffc1ab8","1",31.3,84.5,914,2816,"2025-05-21T13:11:41.729Z"
"c0bc2b2a-24ab-4700-8c1a-01c037f4a971","1",31.3,84.5,951,2807,"2025-05-21T13:12:12.040Z"
"ed5c0fc4-941f-44e8-a0fe-0f1b7e82a55c","1",31.2,84.6,937,2835,"2025-05-21T13:12:42.338Z"
"fc154448-f10a-4f6e-93e0-bfe52bf6a0e5","1",31.2,84.6,951,2815,"2025-05-21T13:13:12.659Z"
"10199440-fdbf-4a2c-ab72-8e20b70c0249","1",31.2,82.9,962,2829,"2025-05-21T13:13:43.173Z"
"b789073d-a921-4ad6-8f78-320e04799eef","1",31.1,83,930,2825,"2025-05-21T13:14:13.455Z"
"bccec61c-52fc-43cc-b44a-fa97c429660e","1",31.2,85.1,944,2827,"2025-05-21T13:14:43.818Z"
"f3f5f68c-8eaf-40a7-865d-00ece7c5431e","1",31.1,84.9,931,2841,"2025-05-21T13:15:14.078Z"
"c27d824c-748e-4179-97cf-f50f9583ae92","1",31.1,84.9,965,2841,"2025-05-21T13:15:44.625Z"
"e20763eb-bec7-4ebb-a273-c7a581bb6e28","1",31.1,84.9,934,2835,"2025-05-21T13:16:14.930Z"
"6c146a60-8f8f-4b9a-9c34-160bf696bc27","1",31.1,84.9,944,2849,"2025-05-21T13:16:45.449Z"
"8b85b20f-6f8e-46db-9bcd-0e9881bd7aa1","1",31.1,84.9,951,2832,"2025-05-21T13:17:15.962Z"
"44eb9e8c-c17d-42d9-9714-accca84add43","1",31.1,85.1,951,2845,"2025-05-21T13:17:47.112Z"
"a590896d-cd66-497a-bb76-f966c7b0cc70","1",31,85.2,958,2847,"2025-05-21T13:18:17.382Z"
"0940fd0e-405d-44ae-bb40-b7f199069035","1",31,85.1,963,2847,"2025-05-21T13:18:47.923Z"
"2b3ff549-9843-4f0b-92bc-c42cf5966fe7","1",31,85.1,954,2858,"2025-05-21T13:19:18.472Z"
"6cea06be-2c22-425a-9fe8-3ab36f1c1497","1",31.1,83.3,962,2855,"2025-05-21T13:19:48.741Z"
"40be2e3f-c1f4-426e-9aab-a3fddead3678","1",31,83.3,945,2846,"2025-05-21T13:20:19.049Z"
"e508df96-9862-424d-9075-e97b45c8cccc","1",31.1,83.2,956,2849,"2025-05-21T13:20:49.567Z"
"3c7b3698-984e-4750-babc-b841f21d9e64","1",31.1,83.3,961,2865,"2025-05-21T13:21:19.875Z"
"53c26989-9987-4cd4-b8d3-ec17d289306f","1",31,83.3,957,2874,"2025-05-21T13:21:50.389Z"
"299696a7-b83f-4228-a253-7117c8fc045b","1",31.1,83.3,944,2864,"2025-05-21T13:22:20.701Z"
"2a99f21b-94fc-4c6d-ae9d-78706328b976","1",31.1,83.3,959,2881,"2025-05-21T13:22:51.019Z"
"dd5b76b9-b0b5-4f2a-adbc-57550ce4d7be","1",31,83.2,961,2859,"2025-05-21T13:23:21.288Z"
"35b667f0-d424-4b05-89a0-9ad463c5e04d","1",31,83.2,964,2877,"2025-05-21T13:23:51.643Z"
"9281c21d-ef7c-4971-a20e-6a270e7e62ba","1",31,83.2,937,2864,"2025-05-21T13:24:21.916Z"
"ff11df11-baa3-4ae2-b0bc-76e39c4a84af","1",31.1,84.1,944,2874,"2025-05-21T13:24:52.260Z"
"e70f7690-5905-478d-a5e8-cddba39f189c","1",31,83.2,941,2881,"2025-05-21T13:25:22.569Z"
"809792db-6747-4642-91c7-868ccb53f774","1",31,83.2,955,2877,"2025-05-21T13:25:52.849Z"
"8beaa8e1-956a-49b8-b855-d08bfb955685","1",31,83.1,958,2877,"2025-05-21T13:26:23.182Z"
"db823431-7891-424d-b34b-e465acc34586","1",31,83.2,951,2881,"2025-05-21T13:26:53.494Z"
"7b534719-9ec8-4d10-8516-8917c3786718","1",31,83.9,959,2877,"2025-05-21T13:27:23.803Z"
"0f95c0d6-740e-45b5-a45a-683ea5fd81ac","1",31,83.3,948,2880,"2025-05-21T13:27:55.148Z"
"cf1be5a3-c7fd-4602-9d93-e0e60e8da140","1",31,83.2,958,2886,"2025-05-21T13:28:26.029Z"
"1c54f063-ccfd-4f00-b37e-470d81631a6b","1",31,83.2,946,2881,"2025-05-21T13:28:56.348Z"
"3e01640f-ac1c-4e4f-b347-b3ac9b6cbcf0","1",31,83.2,954,2882,"2025-05-21T13:29:27.297Z"
"1095c775-e4a4-45fb-9b3f-e0ce560f7724","1",31,83.2,933,2881,"2025-05-21T13:29:57.815Z"
"3d9c8c01-dfea-46ec-9672-60e02f89fea9","1",31,83.2,945,2886,"2025-05-21T13:30:28.124Z"
"08ac9e85-fe17-412b-ad6c-dbe892a7060c","1",31,85.2,946,2895,"2025-05-21T13:30:58.434Z"
"4037efba-5d7f-4627-bc56-3da4119e6f15","1",31,83.2,975,2874,"2025-05-21T13:31:28.719Z"
"3ee2777d-d492-4286-85ff-e4aa2ff84f0f","1",31,83.2,950,2895,"2025-05-21T13:31:59.434Z"
"bf54d073-fadf-4bd9-8081-f027ff04ed48","1",31,83.3,935,2893,"2025-05-21T13:32:29.799Z"
"3d08aa46-7de8-4acf-843d-dde849718be3","1",31,83.4,960,2903,"2025-05-21T13:33:00.710Z"
"ae0bffe6-e94d-4e7c-8a4a-7baac91d7438","1",31,84.1,955,2893,"2025-05-21T13:33:31.802Z"
"b4b13e58-0868-4bcf-9c41-f1c00d554dc6","1",31,83.2,935,2896,"2025-05-21T13:34:02.119Z"
"bf435005-3faf-458d-b9ba-c9cdcebc8c9d","1",31,85.1,974,2913,"2025-05-21T13:34:32.457Z"
"105e17de-75f6-4c18-9848-d590497b4924","1",31,85.1,944,2912,"2025-05-21T13:35:02.729Z"
"45ff3b0c-e5c4-43c9-8d8f-1e5c9b934c51","1",31,83.2,944,2946,"2025-05-21T13:35:32.985Z"
"ba22a5f3-6df7-43e7-8975-01505414ae67","1",31,84.2,974,2913,"2025-05-21T13:36:03.398Z"
"056114b8-b5d4-40b6-97df-a837fa0f9d4e","1",31,83.4,963,2925,"2025-05-21T13:36:33.667Z"
"01fc883d-edf2-4e33-9f2e-8bc618ba35c4","1",31,83.3,967,2916,"2025-05-21T13:37:04.000Z"
"2b678f98-c830-4e99-b562-fa1dca4722ac","1",31,83.4,949,2915,"2025-05-21T13:37:34.280Z"
"f3ed1e38-0681-4ff5-8911-97d691a57246","1",31,85.2,963,2930,"2025-05-21T13:38:04.834Z"
"5760599d-8446-4b42-89d5-7321b3321934","1",31,85.2,963,2925,"2025-05-21T13:38:35.137Z"
"61e12429-ad84-4127-973f-be1049816873","1",31,85.2,945,2928,"2025-05-21T13:39:05.651Z"
"7184b0c6-cfe5-48e4-a420-bbb4e7b5277b","1",31,84.9,978,2938,"2025-05-21T13:39:35.961Z"
"c3619648-2c2e-45ec-bc5e-3969b20ce718","1",31,83.3,979,2928,"2025-05-21T13:40:06.271Z"
"9e1d9e0f-7a59-47f1-8ee4-2d07199b1299","1",31.1,85,959,2927,"2025-05-21T13:40:36.583Z"
"2ade1886-0922-4dd2-ac15-8105570090e8","1",31.1,83.4,951,2935,"2025-05-21T13:41:06.893Z"
"21223b3c-2ef5-4077-b076-a4abeaa79dc2","1",31.1,83.4,985,2943,"2025-05-21T13:41:37.206Z"
"25935fa8-ddba-40a4-90fd-3cc4fb5e0b93","1",31.1,83.3,986,2946,"2025-05-21T13:42:08.581Z"
"496ce76e-82cf-4a26-9840-3d1832f864e4","1",31,85.2,971,2940,"2025-05-21T13:42:39.061Z"
"9b947caa-1455-4969-8fd2-126aa74d655a","1",31.1,85.4,977,2943,"2025-05-21T13:43:09.580Z"
"a066be39-e997-479e-9d2d-3caea42f2b53","1",31.1,85.2,963,2940,"2025-05-21T13:43:39.888Z"
"a2de6563-130b-4368-a606-9ad8ebfe875c","1",31.1,85.3,974,2940,"2025-05-21T13:44:10.406Z"
"811c65fa-5caa-487b-beee-6c38e2577d8c","1",31.1,83.3,973,2963,"2025-05-21T13:44:40.848Z"
"2f5e6aeb-cf03-4f1e-828a-c333d2a4f339","1",31.1,83.3,986,2946,"2025-05-21T13:45:12.101Z"
"2ca70aec-5ad7-4a44-924a-7404ece81da8","1",31.1,83.3,983,2949,"2025-05-21T13:45:42.564Z"
"b9ffc24a-2498-40c1-bbef-53e5bbd73452","1",31.1,83.3,975,2961,"2025-05-21T13:46:13.091Z"
"2ddfe6c9-27dc-4fbb-8100-0e678c7d1a95","1",31.1,83.4,963,2977,"2025-05-21T13:46:43.376Z"
"a8d10870-6d44-4285-a709-4e692b148b59","1",31.1,83.2,955,2960,"2025-05-21T13:47:14.120Z"
"8a7a2fb3-dfd2-4c31-a600-a0d3b4bef575","1",31.1,83.1,976,2977,"2025-05-21T13:47:44.443Z"
"11ac85d0-30f3-4999-834f-a95c57701820","1",31.1,83.1,975,2960,"2025-05-21T13:48:14.741Z"
"bbeac88c-bb40-493b-b6e0-c43dd46b14aa","1",31.1,83.1,977,2976,"2025-05-21T13:48:45.265Z"
"e0f130c8-fc4e-42de-98d6-372d80303dc4","1",31.1,83,985,2973,"2025-05-21T13:49:16.028Z"
"2470bccd-b7e6-457d-a9c2-3632d0a64c29","1",31.1,83.8,971,2962,"2025-05-21T13:49:46.955Z"
"860f895c-5ca7-4f0b-a6ad-1a4eb35d316f","1",31.1,85,1006,2962,"2025-05-21T13:50:18.661Z"
"ac2a80e5-3516-4996-a665-dc38a2dd45c7","1",31.1,85,983,2990,"2025-05-21T13:50:49.646Z"
"2fbd0927-7f48-4026-b371-579dcbaa6356","1",31.1,85,981,2986,"2025-05-21T13:51:20.968Z"
"77537e5a-86a1-432f-8ff0-454722f995a5","1",33,79.1,2368,4095,"2025-05-26T09:52:52.196Z"
"56718f65-ca02-4942-afaf-19f80a2ddc8c","1",33,79.2,2318,4095,"2025-05-26T09:53:22.833Z"
"8b52d582-1a37-489d-8382-b06d78bbdcb3","1",33,79.6,2294,4095,"2025-05-26T09:53:53.144Z"
"a9d3e51f-c53e-4287-b86e-2c3a6e149711","1",32.9,79.6,2288,4095,"2025-05-26T09:54:23.398Z"
"6873e613-af73-4322-8d08-b44b803b9d01","1",32.9,79.7,2283,4095,"2025-05-26T09:54:53.915Z"
"346185c9-58db-488d-ab85-9eb3175b35b3","1",33,79.9,2294,4095,"2025-05-26T09:55:24.544Z"
"48f6aeed-84cf-40df-8a4a-b3a0df38e29e","1",33,79.8,2289,4095,"2025-05-26T09:55:54.894Z"
"ed24d567-0af9-41c3-810f-139d3e225770","1",33.1,79.7,2293,4095,"2025-05-26T09:56:25.364Z"
"92506d12-0489-4992-ad12-da033a438cfa","1",33.1,79.6,2285,4095,"2025-05-26T09:56:55.925Z"
"f8d972b2-5a3e-4988-ad2c-6f0dfc580dee","1",33.2,79.4,2229,4095,"2025-05-26T09:57:26.389Z"
"510a04f4-1304-499b-b2da-35f43dca8ec5","1",33.3,78.6,2194,4095,"2025-05-26T09:57:56.699Z"
"2a0a659a-b4b1-4a1c-b45f-1cadad54d4cb","1",33.3,78.2,2192,4095,"2025-05-26T09:58:27.112Z"
"5e4f38a2-b263-4a97-abae-5bc9063ddd9e","1",33.4,78.2,2199,4095,"2025-05-26T09:58:57.328Z"
"5e041718-6f4f-45b6-b79b-1089c7546f13","1",33.4,78.2,2212,4095,"2025-05-26T09:59:27.950Z"
"0d46cbc9-35ca-4c5e-af9b-72164cd97ea4","1",33.5,78.2,2228,4095,"2025-05-26T09:59:58.324Z"
"2b79a474-db5c-45b5-a996-35fecc30aa8e","1",33.5,78.1,2187,4095,"2025-05-26T10:00:28.764Z"
"b8eeb666-43c2-408d-943c-7dd25143f5ca","1",33.6,77.6,2189,4095,"2025-05-26T10:00:59.074Z"
"04036598-dc06-4ca3-9584-83f9564d62f8","1",33.6,77.7,2186,4095,"2025-05-26T10:01:30.323Z"
"0b97a06f-18e0-45ef-b9a4-e66568104c6d","1",33.7,77.5,2203,4095,"2025-05-26T10:02:01.742Z"
"e76d53e4-9bab-4924-894f-7a47b3a28e2c","1",33.7,77.3,2178,4095,"2025-05-26T10:02:31.974Z"
"a1f0409b-3acd-4ee5-9632-3a8e89b583a4","1",33.8,76.8,2167,4095,"2025-05-26T10:03:02.364Z"
"9fe511a2-01d7-4fc3-a07a-1b77d1a4d96d","1",33.8,77,2195,4095,"2025-05-26T10:03:32.702Z"
"7845375c-3b82-4e10-a19d-31b5ef1d875f","1",33.8,76.9,2154,4095,"2025-05-26T10:04:03.144Z"
"82820b58-5821-462e-bdc7-272b32bbabe5","1",33.9,76.1,2160,4095,"2025-05-26T10:04:33.399Z"
"a47db018-ad20-4537-b014-6b31d3fde838","1",33.9,76.5,2162,4095,"2025-05-26T10:05:03.916Z"
"7cd36fc7-adeb-4e5b-abba-c676cbb76b9f","1",33.9,76.2,2160,4095,"2025-05-26T10:05:34.121Z"
"d2f950b7-de57-4a81-8656-65e0af433255","1",33.9,76.4,2186,4095,"2025-05-26T10:06:04.533Z"
"cb4416fc-aee5-4cb6-93d1-fc64845f4f8d","1",34,76.6,2177,4095,"2025-05-26T10:06:34.842Z"
"91799647-9695-40d5-bea7-edd889eed920","1",34,76.7,2226,4095,"2025-05-26T10:07:05.256Z"
"770acb3a-3109-4dd1-9b88-9e308a8b6491","1",34,76.8,2202,4095,"2025-05-26T10:07:36.484Z"
"9551c356-a742-4e60-a643-cd00debca68d","1",34,76.7,2222,4095,"2025-05-26T10:08:06.847Z"
"299c0af1-987b-429b-a5ad-ed2bbc60a3b9","1",34.1,76.5,2240,4095,"2025-05-26T10:08:37.416Z"
"5abac521-7726-4a18-bd60-290122f40e58","1",34.1,76.6,2262,4095,"2025-05-26T10:09:08.128Z"
"3f83eeb2-c86e-412b-b71d-2e17391e1a6b","1",25.7,95.3,1678,3159,"2025-05-26T12:16:00.411Z"
"b835ba28-922f-40d9-9fcb-1aa4322d12bc","1",25.7,95.2,3039,4095,"2025-05-26T12:16:30.795Z"
"b0d755e4-c012-44b1-9a6a-c58b5d49ddd4","1",25.8,95.9,2765,4095,"2025-05-26T12:17:01.114Z"
"65436dfa-3b15-4a7d-b342-d4fa41068b96","1",25.9,97.5,2650,4095,"2025-05-26T12:17:31.528Z"
"5eb4534e-5aae-4992-a0b9-73c0643acc35","1",26.1,98.6,2643,4095,"2025-05-26T12:18:02.051Z"
"14c90f6d-e1fb-4085-987f-67fdb04a09dd","1",26.4,99.2,2612,4095,"2025-05-26T12:18:32.327Z"
"887a8402-f3fe-4b93-b45d-6b2568f537cf","1",26.7,99.2,2621,4095,"2025-05-26T12:19:02.659Z"
"3e4f3082-367e-4e53-9748-fdcfe6c3bb04","1",27.1,98.8,2610,4095,"2025-05-26T12:19:33.623Z"
"0a6e0121-c3a4-45cb-830e-bc8395a36d4e","1",27.4,97.9,2609,4095,"2025-05-26T12:20:04.106Z"
"c7f7b497-398d-441e-9ca2-1ba56b752cd1","1",27.8,96.8,2597,4095,"2025-05-26T12:20:34.418Z"
"4b45ba66-5037-4fab-a6eb-2047d3ac838c","1",28.2,95.5,2559,4095,"2025-05-26T12:21:04.956Z"
"176298a7-50af-4cbb-8a11-76f724aa2e40","1",28.5,93.9,2597,4095,"2025-05-26T12:21:35.352Z"
"64c6bc19-0424-429b-a822-998eb52c7211","1",28.8,93,2615,4095,"2025-05-26T12:22:05.648Z"
"e89d9d3c-fa9c-4885-aa4f-64f292a9c1b1","1",29.2,92,2649,4095,"2025-05-26T12:22:35.966Z"
"322164a1-84fa-4e82-a557-1e4d55c5d358","1",29.5,91,2675,4095,"2025-05-26T12:23:06.243Z"
"723856ef-6876-4cbf-88fa-3f5ca0288385","1",29.8,90,2665,4095,"2025-05-26T12:23:36.477Z"
"a01380ad-2a0b-422b-9547-dd377e3bdcf8","1",30.1,88.8,2629,4095,"2025-05-26T12:24:06.892Z"
"3dc94cc6-ad7f-4216-a20c-c6e924792773","1",30.3,87.3,2626,4095,"2025-05-26T12:24:37.110Z"
"39be598b-015b-477a-a342-0c8d54f8fda3","1",30.6,86.5,2646,4095,"2025-05-26T12:25:07.920Z"
"a3a64de9-57af-4a2c-a4de-61dc4cb0ab2a","1",30.8,85.9,2647,4095,"2025-05-26T12:25:38.332Z"
"85cc61e1-b5ff-43fb-8eeb-177144db43d5","1",31,85.1,2666,4095,"2025-05-26T12:26:08.612Z"
"f29bf2d3-05c4-41ca-b4fa-30e4f8c6b6d9","1",31.2,84.4,2646,4095,"2025-05-26T12:26:38.955Z"
"3e79b1fa-c6e8-47c1-83f9-4f3c9484dbc3","1",31.4,83.7,2671,4095,"2025-05-26T12:27:09.376Z"
"348135f5-e110-45c5-b5e5-093c124496b8","1",31.5,83.2,2686,4095,"2025-05-26T12:27:39.686Z"
"8a4f2e10-c665-4626-9b0c-e1cd50e90530","1",31.7,82.8,2721,4095,"2025-05-26T12:28:10.099Z"